ID,Notes,NotesCopy
1,my credit card number is CREDITCARD : 6011-7572-7806-2053,my credit card number is CREDITCARD : 6011-7572-7806-2053
2,my SSN is 177-87-1084,my SSN is 177-87-1084
3,my email is something@gmail.com,my email is something@gmail.com
4,my credit card number is CREDITCARD :  6759-7361-6609-3137,my credit card number is CREDITCARD :  6759-7361-6609-3137
5,my SSN is 177-87-1085,my SSN is 177-87-1085
6,my email is something@gmail.com,my email is something@gmail.com
7,my credit card number is CREDITCARD :  4763870888277,my credit card number is CREDITCARD :  4763870888277
8,my SSN is 177-87-1086,my SSN is 177-87-1086
9,my email is something@gmail.com,my email is something@gmail.com
10,my credit card number is CREDITCARD :371449635398431,my credit card number is CREDITCARD :371449635398431
11,my SSN is 177-87-1087,my SSN is 177-87-1087
12,my email is something@gmail.com,my email is something@gmail.com
13,my credit card number is CREDITCARD : 4698268221949,my credit card number is CREDITCARD : 4698268221949
14,my SSN is 177-87-1088,my SSN is 177-87-1088
15,my email is something@gmail.com,my email is something@gmail.com
16,my credit card number is CREDITCARD : 371449635398431,my credit card number is CREDITCARD : 371449635398431
17,my SSN is 177-87-1089,my SSN is 177-87-1089
18,my email is something@gmail.com,my email is something@gmail.com
19,my credit card number is CREDITCARD : 4717822111821,my credit card number is CREDITCARD : 4717822111821
20,my SSN is 177-87-1090,my SSN is 177-87-1090
21,my email is something@gmail.com,my email is something@gmail.com
22,my credit card number is CREDITCARD : 6011-7572-7806-2060,my credit card number is CREDITCARD : 6011-7572-7806-2060
23,my SSN is 177-87-1091,my SSN is 177-87-1091
24,my email is something@gmail.com,my email is something@gmail.com
25,my credit card number is CREDITCARD :4890920080835,my credit card number is CREDITCARD :4890920080835
26,my SSN is 177-87-1092,my SSN is 177-87-1092
27,my email is something@gmail.com,my email is something@gmail.com
28,my credit card number is CREDITCARD : 6011-7572-7806-2062,my credit card number is CREDITCARD : 6011-7572-7806-2062
29,my SSN is 177-87-1093,my SSN is 177-87-1093
30,my email is something@gmail.com,my email is something@gmail.com
31,my credit card number is CREDITCARD : 6011-7572-7806-2063,my credit card number is CREDITCARD : 6011-7572-7806-2063
32,my SSN is 177-87-1094,my SSN is 177-87-1094
33,my email is something@gmail.com,my email is something@gmail.com
34,my credit card number is CREDITCARD : 4268229083869,my credit card number is CREDITCARD : 4268229083869
35,my SSN is 177-87-1095,my SSN is 177-87-1095
36,my email is something@gmail.com,my email is something@gmail.com
37,my credit card number is CREDITCARD : 371449635398431,my credit card number is CREDITCARD : 371449635398431
38,my SSN is 177-87-1096,my SSN is 177-87-1096
39,my email is something@gmail.com,my email is something@gmail.com
40,my credit card number is CREDITCARD : 6706081526929587,my credit card number is CREDITCARD : 6706081526929587
41,my SSN is 177-87-1097,my SSN is 177-87-1097
42,my email is something@gmail.com,my email is something@gmail.com
43,my credit card number is CREDITCARD :3791-299644-77251,my credit card number is CREDITCARD :3791-299644-77251
44,my SSN is 177-87-1098,my SSN is 177-87-1098
45,my email is something@gmail.com,my email is something@gmail.com
46,my credit card number is CREDITCARD :6759-9095-7104-5915,my credit card number is CREDITCARD :6759-9095-7104-5915
47,my SSN is 177-87-1099,my SSN is 177-87-1099
48,my email is something@gmail.com,my email is something@gmail.com
49,my credit card number is CREDITCARD : 6011-7572-7806-2069,my credit card number is CREDITCARD : 6011-7572-7806-2069
50,my SSN is 177-87-1100,my SSN is 177-87-1100
51,my email is something@gmail.com,my email is something@gmail.com
52,my credit card number is CREDITCARD :6771-8964-3408-6422,my credit card number is CREDITCARD :6771-8964-3408-6422
53,my SSN is 177-87-1101,my SSN is 177-87-1101
54,my email is something@gmail.com,my email is something@gmail.com
55,my credit card number is CREDITCARD :371449635398431,my credit card number is CREDITCARD :371449635398431
56,my SSN is 177-87-1102,my SSN is 177-87-1102
57,my email is something@gmail.com,my email is something@gmail.com
58,my credit card number is CREDITCARD : 6706879910002428,my credit card number is CREDITCARD : 6706879910002428
59,my SSN is 177-87-1103,my SSN is 177-87-1103
60,my email is something@gmail.com,my email is something@gmail.com
61,my credit card number is CREDITCARD : 4973601655818,my credit card number is CREDITCARD : 4973601655818
62,my SSN is 177-87-1104,my SSN is 177-87-1104
63,my email is something@gmail.com,my email is something@gmail.com
64,my credit card number is CREDITCARD : 4641270883710,my credit card number is CREDITCARD : 4641270883710
65,my SSN is 177-87-1105,my SSN is 177-87-1105
66,my email is something@gmail.com,my email is something@gmail.com
67,my credit card number is CREDITCARD : 3686-550306-1701,my credit card number is CREDITCARD : 3686-550306-1701
68,my SSN is 177-87-1106,my SSN is 177-87-1106
69,my email is something@gmail.com,my email is something@gmail.com
70,my age is 50,my credit card number is CREDITCARD : 3686-550306-1701
71,age is 22,my SSN is 177-87-1107
72,my dob is 02/02/1995,my email is something@gmail.com
73,my dob is 02/02/1998,my credit card number is CREDITCARD : 6011-7572-7806-2077
74,my dob is 02-01-1991,my SSN is 177-87-1108
75,my dob is 2 November 1996,my email is something@gmail.com
76,my dob is 2nd April 1997,my credit card number is CREDITCARD : 6011-7572-7806-2078
77,Password: mypassword@321,my SSN is 177-87-1109
78,First Name: John,my email is something@gmail.com
79,phone: 1-996-101-9949,my credit card number is CREDITCARD : 6011-7572-7806-2079
80,ABA: 111000753,my SSN is 177-87-1110
81,swift code FNBOUS44,my email is something@gmail.com
82,"address: ""15487 W. Minnezona Ave""",my credit card number is CREDITCARD : 6011-7572-7806-2080
83,VIN number is WA1WMBFEXAD661892,my SSN is 177-87-1111
84,vin number WA1WMBFEXAD661891,my email is something@gmail.com
85,VIN number is WA1WMBFEXAD661823,my credit card number is CREDITCARD : 6011-7572-7806-2081
86, Iban FO95 4744 1747 2127 61,my SSN is 177-87-1112
87,but its valid iban FO95 4744 1747 2127 61,my email is something@gmail.com
88,Valid iban RS20 2779 5506 0018 5027 49,my credit card number is CREDITCARD : 6011-7572-7806-2082
89,Valid iban PT45 7833 7238 8004 1711 8390 6,my SSN is 177-87-1113
90,may could be invalid iban number LI53 1468 5K1T 2CUF QF23 G,my email is something@gmail.com
91,Cc 5602226486172085,my credit card number is CREDITCARD : 6011-7572-7806-2083
92,Cc 3578562710452553,my SSN is 177-87-1114
93,Credit card 3560109881011360,my email is something@gmail.com
94,User Dob 20/05/1990,my credit card number is CREDITCARD : 6011-7572-7806-2084
95,User Dob  10/03/1920,my SSN is 177-87-1115
96,User Dob  10/02/1930,my email is something@gmail.com
97,User Dob  20/05/1991,my credit card number is CREDITCARD : 4973601655818
98,Credit 6759634832438465 invalid ,my SSN is 177-87-1116
99,Found below vin number WA1WMBFEXAD661892,mrosa1f@angelfire.com
100,Found below vin number 1FT7W2A64EE370242,rmcghie1g@chronoengine.com
101, user SSN  177-87-1113,mlockton1h@reverbnation.com
102,Found below vin number 1FT7W2A64EE370242,my email is something@gmail.com
103,Found below vin number 1FT7W2A64EE370241,my credit card number is CREDITCARD : 6011-7572-7806-2081
104,user having swiftcode CTBAAU2S,my SSN is 177-87-1112
105,user having swiftcode CTBAAU2S,my email is something@gmail.com
106,user having swiftcode CTBAAU2S,my credit card number is CREDITCARD : 6011-7572-7806-2082
107,user with invalid switcode C2BAAU12,my SSN is 177-87-1113
