ID,Notes,NotesCopy
10,my credit card number is CREDITCARD :  371449635398431,my credit card number is CREDITCARD : 371449635398431
19,my credit card number is CREDITCARD : 4717822111821,my credit card number is CREDITCARD : 4717822111821
46,my credit card number is CREDITCARD :6759-9095-7104-5915,my credit card number is CREDITCARD :6759-9095-7104-5915
103,Found below vin number 1FT7W2A64EE370241,my credit card number is CREDITCARD : 6011-7572-7806-2081
106,my cvv is 195,my credit card number is CREDITCARD : 6011-7572-7806-2082
49,my credit card number is CREDITCARD : 6011-7572-7806-2069,my credit card number is CREDITCARD : 6011-7572-7806-2069
52,my credit card number is CREDITCARD :6771-8964-3408-6422,my credit card number is CREDITCARD :6771-8964-3408-6422
22,my credit card number is CREDITCARD : 6011-7572-7806-2060,my credit card number is CREDITCARD : 6011-7572-7806-2060
25,my credit card number is CREDITCARD :4890920080835,my credit card number is CREDITCARD :4890920080835
43,my credit card number is CREDITCARD :3791-299644-77251,my credit card number is CREDITCARD :3791-299644-77251
28,my credit card number is CREDITCARD : 6011-7572-7806-2062,my credit card number is CREDITCARD : 6011-7572-7806-2062
55,my credit card number is CREDITCARD :371449635398431,my credit card number is CREDITCARD :371449635398431
31,my credit card number is CREDITCARD : 6011-7572-7806-2063,my credit card number is CREDITCARD : 6011-7572-7806-2063
